50405,60278,60256,53977,53989
-,-,05:50,06:01,06:08
-,-,06:01,06:12,06:20
05:51,06:14,06:16,06:27,06:35
06:01,06:24,06:26,06:37,06:45
06:19,06:42,06:44,06:56,07:04
06:32,06:55,06:57,07:09,07:18
06:48,07:12,07:14,07:26,07:35
07:02,07:27,07:29,07:41,07:50
07:16,07:43,07:44,07:56,08:05
07:29,07:56,07:57,08:11,08:20
07:47,08:14,08:15,08:28,08:37
08:03,08:30,08:31,08:44,08:53
08:18,08:45,08:46,08:59,09:08
08:34,09:00,09:01,09:14,09:22
08:50,09:16,09:17,09:30,09:38
09:18,09:44,09:46,09:59,10:07
09:49,10:14,10:16,10:29,10:37
10:19,10:44,10:46,10:59,11:07
10:49,11:14,11:16,11:29,11:38
11:19,11:44,11:46,11:59,12:08
11:48,12:15,12:17,12:30,12:39
12:18,12:45,12:47,13:00,13:09
12:46,13:14,13:16,13:29,13:39
13:14,13:42,13:44,13:58,14:08
-,14:10,14:12,14:26,14:37
-,14:41,14:42,14:56,15:07
-,15:14,15:15,15:29,15:42
-,15:40,15:41,15:55,16:08
-,16:01,16:02,16:16,16:26
-,16:14,16:15,16:29,16:39
-,16:27,16:28,16:42,16:52
-,16:42,16:43,16:57,17:07
-,16:58,16:59,17:13,17:23
-,17:17,17:18,17:32,17:42
-,17:31,17:32,17:46,17:56
-,17:48,17:49,18:03,18:13
-,18:00,18:01,18:15,18:25
-,18:16,18:17,18:31,18:41
-,18:32,18:33,18:47,18:57
-,18:40,-,-,-
-,18:48,18:49,19:03,19:13
-,18:37,19:01,19:02,19:14
-,18:52,19:16,19:17,19:28
-,19:06,19:30,19:31,19:43
-,19:22,19:46,19:47,19:59
-,19:53,20:17,20:18,20:30
