60279,54085,59513
06:18,06:26,06:35
06:48,06:57,07:06
07:17,07:26,07:36
07:49,07:58,08:08
08:19,08:28,08:38
08:50,08:59,09:09
09:22,09:31,09:41
09:51,10:00,10:10
10:21,10:30,10:39
10:51,11:00,11:09
11:21,11:30,11:39
11:51,12:00,12:09
12:21,12:30,12:39
12:51,13:00,13:09
13:21,13:30,13:40
13:51,14:00,14:10
14:21,14:30,14:40
14:51,15:00,15:10
15:26,15:35,15:45
15:46,15:55,16:05
16:19,16:28,16:38
16:49,16:58,17:08
17:20,17:29,17:39
17:50,17:59,18:08
18:20,18:29,18:38
18:52,19:01,19:10
19:52,20:01,20:10
20:56,21:04,21:12
21:56,22:04,22:12
22:56,23:04,23:12
23:56,00:04,00:12
