50405,60278,60279,54111
-,-,05:47,06:01
-,-,06:17,06:31
-,-,06:39,06:53
-,-,07:02,07:17
-,-,07:31,07:46
-,-,07:46,08:01
-,-,08:16,08:34
-,-,08:45,09:01
-,-,09:20,09:34
-,-,09:43,09:56
-,-,10:17,10:30
-,-,10:42,10:55
-,-,11:10,11:23
-,-,11:45,11:58
-,-,12:16,12:29
-,-,12:45,12:58
-,-,13:10,13:23
-,-,13:45,13:58
-,-,14:19,14:32
-,-,14:43,14:56
-,-,15:18,15:36
-,-,15:56,16:12
-,-,16:19,16:35
-,-,16:54,17:10
04:44,05:13,17:15,17:31
-,-,17:28,17:44
05:15,05:43,17:45,18:00
-,-,18:18,18:33
-,-,18:48,19:02
-,-,19:15,19:28
-,-,19:46,19:59
-,-,20:16,20:29
-,-,20:40,20:53
-,-,21:16,21:29
-,-,21:50,22:03
-,-,22:17,22:30
-,-,22:47,23:00
