54111,60278,60689,53312
06:01,06:12,-,-
06:31,06:43,-,-
06:53,-,07:07,07:28
07:05,07:20,-,-
07:17,-,07:35,08:00
07:46,-,08:04,08:30
08:01,-,08:19,08:45
08:34,-,08:52,09:19
09:01,09:16,-,-
09:34,09:49,-,-
09:56,10:07,-,-
10:30,10:42,-,-
10:55,11:07,-,-
11:23,11:35,-,-
11:58,12:10,-,-
12:29,12:41,-,-
12:58,13:10,-,-
13:23,13:35,-,-
13:58,14:10,-,-
14:32,14:44,-,-
14:56,15:08,-,-
15:36,15:50,-,-
16:12,16:25,-,-
16:35,16:48,-,-
17:10,17:23,-,-
17:31,17:44,-,-
17:44,17:56,-,-
18:00,18:12,-,-
18:33,18:44,-,-
19:02,19:13,-,-
19:28,19:38,-,-
19:59,20:09,-,-
20:29,20:39,-,-
20:53,21:03,-,-
21:29,21:39,-,-
22:03,22:13,-,-
22:30,22:40,-,-
23:04,23:14,-,-
