54134,54390,54389,54304,54290
06:32,-,06:44,06:50,06:57
07:32,-,07:43,07:49,07:56
-,-,08:09,08:15,08:22
08:37,-,08:48,08:54,09:01
09:02,-,09:13,09:19,09:26
09:23,-,09:34,09:40,09:47
09:55,-,10:06,10:12,10:19
10:25,-,10:36,10:42,10:49
10:55,-,11:06,11:12,11:19
11:25,-,11:37,11:43,11:50
11:56,-,12:09,12:15,12:23
12:23,-,12:36,12:42,12:50
12:53,-,13:06,13:12,13:20
13:23,-,13:36,13:42,13:50
13:53,-,14:06,14:13,14:21
14:22,-,14:35,14:42,14:50
14:53,-,15:06,15:13,15:21
15:08,-,15:21,15:28,15:36
15:23,-,15:36,15:43,15:51
15:41,-,15:54,16:01,16:09
15:54,-,16:07,16:14,16:22
16:12,-,16:25,16:32,16:40
16:24,-,16:37,16:44,16:52
16:42,-,16:55,17:02,17:09
16:55,-,17:08,17:15,17:22
17:11,-,17:25,17:32,17:39
17:25,-,17:39,17:46,17:53
17:41,-,17:54,18:01,18:08
17:54,-,18:07,18:13,18:20
18:05,-,18:18,18:24,18:31
18:22,-,18:35,18:41,18:48
18:42,-,18:54,19:00,19:07
19:02,-,19:14,19:20,19:27
20:02,-,20:13,20:19,20:26
21:02,-,21:13,21:18,21:25
22:02,-,22:13,22:18,22:25
23:02,-,23:12,23:17,23:24
00:02,-,00:12,00:17,00:24
