60254,61070
05:45,05:54
06:00,06:09
06:15,06:24
06:30,06:39
06:45,06:54
07:00,07:10
07:07,07:17
07:14,07:24
07:21,07:31
07:28,07:38
07:35,07:45
07:42,07:52
07:46,07:56
07:50,08:00
07:56,08:06
08:00,08:10
08:04,08:14
08:08,08:18
08:12,08:22
08:16,08:26
08:20,08:30
08:24,08:34
08:28,08:38
08:33,08:43
08:38,08:48
08:43,08:53
08:48,08:58
08:53,09:03
08:58,09:08
09:05,09:15
09:12,09:22
09:20,09:30
09:29,09:39
09:37,09:47
09:46,09:56
09:54,10:04
10:03,10:13
10:11,10:21
10:20,10:30
10:28,10:38
10:37,10:47
10:45,10:55
10:54,11:04
11:03,11:13
11:11,11:21
11:20,11:30
11:28,11:38
11:37,11:47
11:45,11:55
11:54,12:04
12:03,12:13
12:11,12:21
12:20,12:30
12:28,12:38
12:37,12:47
12:45,12:55
12:54,13:04
13:03,13:13
13:11,13:21
13:20,13:30
13:28,13:38
13:37,13:47
13:45,13:55
13:54,14:04
14:03,14:14
14:11,14:22
14:20,14:31
14:28,14:39
14:37,14:48
14:45,14:56
14:54,15:05
15:03,15:14
15:11,15:22
15:20,15:31
15:28,15:39
15:37,15:48
15:45,15:56
15:54,16:05
16:03,16:14
16:12,16:23
16:20,16:31
16:27,16:38
16:35,16:46
16:42,16:53
16:50,17:01
16:57,17:08
17:05,17:16
17:12,17:23
17:20,17:31
17:27,17:38
17:35,17:46
17:42,17:53
17:50,18:01
18:02,18:13
18:16,18:27
18:31,18:42
18:47,18:58
19:01,19:11
19:16,19:26
19:31,19:41
19:46,19:56
20:01,20:11
20:15,20:25
20:30,20:40
20:45,20:55
21:00,21:10
21:15,21:25
21:30,21:40
21:45,21:55
22:00,22:09
22:15,22:24
22:45,22:54
23:15,23:24
23:45,23:54
00:15,00:24
00:45,00:54
01:15,01:24
