54444,61510,54307,54499
05:39,05:46,05:55,
06:08,06:15,06:23,
06:25,06:32,06:40,
06:32,06:39,06:47,
07:00,07:07,07:17,
07:15,07:22,07:32,
07:16,07:35,07:42,07:51
07:27,07:46,07:53,08:02
07:41,08:00,08:07,08:16
07:58,08:17,08:24,08:33
08:13,08:33,08:41,08:50
08:26,08:46,08:54,09:03
08:46,09:05,09:12,09:21
09:01,09:20,09:27,09:36
09:32,09:50,09:57,10:06
10:02,10:20,10:27,10:36
10:30,10:48,10:55,11:04
11:01,11:19,11:26,11:35
11:32,11:50,11:57,12:06
12:01,12:20,12:27,12:36
12:32,12:51,12:58,13:07
13:02,13:21,13:28,13:37
13:29,13:48,13:55,14:04
13:58,14:18,14:25,14:35
14:26,14:45,14:52,15:02
14:50,15:08,15:15,15:25
15:16,15:34,15:41,15:51
15:30,15:48,15:55,16:05
15:46,16:04,16:11,16:21
16:00,16:18,16:25,16:35
16:17,16:35,16:42,16:52
16:31,16:49,16:56,17:06
16:41,16:59,17:06,17:16
16:49,17:07,17:14,17:24
17:03,17:21,17:28,17:38
17:13,17:31,17:38,17:48
17:19,17:37,17:44,17:54
17:34,17:52,17:59,18:09
17:49,18:07,18:14,18:24
18:04,18:22,18:29,18:39
18:21,18:39,18:46,18:56
18:37,18:54,19:01,19:11
19:05,19:22,19:29,19:39
20:06,20:22,20:29,20:39
21:06,21:22,21:29,21:39
22:10,22:25,22:31,22:39
23:10,23:25,23:31,23:39
00:10,00:25,00:31,00:39
