50980,54517,54527
05:24,05:35,05:40
05:57,06:08,06:13
06:19,06:30,06:35
06:33,06:44,06:49
06:47,06:59,07:05
07:02,07:14,07:20
07:11,07:23,07:29
07:21,07:33,07:40
07:35,07:47,07:54
07:51,08:05,08:12
08:03,08:17,08:24
08:21,08:37,08:44
08:52,09:07,09:12
09:23,09:37,09:42
09:52,10:06,10:11
10:07,10:21,10:26
10:41,10:55,11:00
11:11,11:25,11:30
11:37,11:51,11:56
12:07,12:21,12:26
12:36,12:51,12:56
13:05,13:20,13:25
13:34,13:49,13:55
14:04,14:19,14:25
14:32,14:47,14:53
14:48,15:03,15:09
15:04,15:19,15:25
15:32,15:47,15:53
15:51,16:06,16:12
16:02,16:17,16:23
16:21,16:36,16:42
16:33,16:48,16:54
16:51,17:06,17:12
17:04,17:19,17:25
17:21,17:36,17:42
17:33,17:48,17:54
17:52,18:07,18:13
18:03,18:17,18:23
18:19,18:33,18:39
18:33,18:47,18:53
19:05,19:19,19:25
20:04,20:17,20:23
21:05,21:18,21:23
22:06,22:18,22:23
23:06,23:17,23:22
00:04,00:14,00:19
01:02,01:12,01:17
01:48,01:58,02:03
