60577,54441,54622,54556
-,05:16,05:25,-
-,05:28,05:37,06:01
05:35,05:50,05:59,06:23
-,05:53,06:02,-
06:05,06:20,06:29,06:53
06:23,06:32,-,
06:18,06:33,06:42,-
06:20,06:35,06:44,07:08
06:35,06:50,06:59,07:23
06:40,06:55,07:04,-
06:45,07:00,07:11,07:35
07:00,07:15,07:26,-
07:05,07:23,07:34,07:58
07:10,07:28,07:39,-
07:20,07:38,-,-
07:20,07:38,07:49,-
07:25,07:43,07:54,-
07:30,07:48,07:59,08:24
07:40,07:58,08:09,-
07:50,08:08,08:19,-
08:00,08:18,08:29,-
08:05,08:23,08:34,08:59
08:10,08:28,08:39,-
08:17,08:35,08:46,-
08:20,08:38,08:49,09:14
08:30,08:48,08:59,-
08:35,08:53,-,-
08:40,08:58,09:09,-
08:50,09:08,09:19,09:44
08:55,09:13,09:24,-
08:58,09:16,-,-
09:00,09:18,09:29,-
09:12,09:30,-,-
09:15,09:33,09:44,-
09:20,09:38,-,-
09:22,09:40,09:51,10:16
09:30,09:48,09:59,-
09:45,10:03,10:14,-
09:52,10:09,10:20,10:45
10:00,10:17,10:28,-
10:15,10:32,10:43,-
10:22,10:39,10:50,11:15
10:30,10:47,10:58,-
10:45,11:02,11:13,-
10:52,11:09,11:20,11:44
11:00,11:17,11:28,-
11:15,11:32,11:43,-
11:22,11:39,11:50,12:14
11:30,11:47,11:58,-
11:45,12:02,12:13,-
11:52,12:09,12:20,12:44
12:00,12:17,12:28,-
12:15,12:32,12:43,-
12:22,12:39,12:50,13:14
12:30,12:47,12:58,-
12:45,13:02,13:13,-
12:52,13:09,13:20,13:44
13:00,13:17,13:28,-
13:15,13:32,13:43,-
13:22,13:39,13:50,14:14
13:30,13:47,13:58,-
13:45,14:02,14:13,-
13:52,14:09,14:20,14:44
14:00,14:17,14:28,-
14:15,14:32,14:43,-
14:22,14:39,14:50,15:14
14:30,14:47,14:58,-
-,-,15:09,-
14:45,15:02,15:13,-
14:52,15:09,15:20,15:44
15:00,15:17,15:28,-
15:15,15:32,15:43,-
15:22,15:39,15:50,16:14
15:30,15:47,15:58,-
15:42,15:59,16:10,-
15:50,16:07,16:18,16:42
15:50,16:07,16:18,-
16:00,16:17,16:28,-
16:03,16:20,16:31,16:55
16:12,16:29,-,-
16:12,16:29,16:40,-
16:20,16:37,16:48,17:12
16:24,16:41,16:52,-
16:35,16:52,17:03,17:27
16:42,17:00,17:11,-
16:48,17:06,17:17,-
16:50,17:08,17:19,17:43
17:00,17:18,17:29,-
17:08,17:26,17:37,-
17:12,17:30,17:41,18:05
17:20,17:38,17:49,18:13
17:24,17:42,17:53,-
17:33,17:51,18:02,18:26
17:36,17:54,18:05,-
17:48,18:06,18:17,-
17:50,18:08,18:19,18:43
18:05,18:23,18:33,18:57
18:15,18:33,18:43,-
18:25,18:43,18:53,19:17
18:35,18:50,19:00,19:24
18:40,18:55,19:05,-
18:52,19:07,19:17,19:41
19:05,19:20,-,-
19:10,19:25,19:35,-
19:20,19:35,19:45,20:09
19:40,19:55,20:05,-
19:50,20:05,20:15,20:39
20:00,20:15,20:25,-
20:20,20:35,20:45,21:09
20:35,20:50,21:00,-
20:50,21:05,21:15,21:39
21:05,21:20,21:30,21:54
21:20,21:35,21:45,-
21:35,21:50,22:00,22:24
22:05,22:20,22:29,22:53
22:35,22:50,22:59,23:23
23:05,23:20,23:29,23:53
23:35,23:50,23:59,-
00:10,00:25,00:36,13:00
00:40,00:55,01:06,-
01:10,01:25,01:36,-
