54556,54592,54411,54444
-,05:34,05:43,06:00
-,06:02,06:11,06:28
-, -,06:12,06:29
-,06:13,06:22,06:39
-,06:20,06:29,06:46
-,06:03,06:37,06:54
-,06:32,06:41,06:58
-,06:40,06:49,07:06
-,06:47,06:56,07:13
06:33,06:58,07:07,07:24
-,07:08,07:17,07:34
-,07:20,07:29,07:48
07:03,07:28,07:37,07:56
-,07:34,07:43,08:02
-,07:39,07:48,08:07
07:15,07:40,07:49,08:08
-,07:52,08:01,08:20
07:33,07:58,08:07,08:26
-,08:08,08:17,08:36
07:45,08:10,08:19,08:38
-, -,08:24, -
-, -,08:25,08:44
-,08:18,08:29,08:48
08:03,08:28,08:39,08:58
-,08:31,08:40,08:59
-,08:32,08:43,09:02
-,08:36,08:47,09:06
-,08:43,08:54,09:13
-,08:50,09:01,09:20
08:33,08:58,09:10,09:28
-,09:03,09:14,09:33
-,09:13,09:24,09:43
-,09:23,09:34,09:53
09:05,09:29,09:40,09:59
-,09:33,09:44,10:03
-,09:49,10:00,10:19
09:33,09:57,10:08,10:27
-,10:04,10:15,10:34
-,10:19,10:30,10:49
10:03,10:27,10:38,10:57
-,10:34,10:45,11:04
-,10:49,11:00,11:19
10:33,10:57,11:09,11:28
-,11:04,11:16,11:35
-,11:19,11:31,11:50
11:03,11:27,11:39,12:00
-,11:34,11:46,12:07
-,11:49,12:01,12:22
11:33,11:57,12:09,12:30
-,12:04,12:16,12:37
-,12:19,12:31,12:52
12:03,12:27,12:39,13:00
-,12:36,12:48,13:09
-,12:51,13:03,13:24
12:33,12:57,13:09,13:30
-,13:06,13:18,13:39
-,13:21,13:33,13:54
13:03,13:27,13:39,14:00
-,13:36,13:48,14:09
-,13:51,14:03,14:24
13:33,13:57,14:09,14:30
-,14:06,14:18,14:39
-,14:21,14:33,14:54
14:03,14:27,14:39,15:00
-,14:36,14:48,15:09
-,14:51,15:03,15:27
14:33,14:57,15:09,15:33
-, -,15:15,15:36
-,15:06,15:18,15:42
-,15:09,15:19, -
-,15:21,15:33,15:57
-, -,15:34,15:58
15:03,15:27,15:39,16:03
-, -,15:40,16:04
-,15:40,15:52,16:16
-,15:49,16:01,16:25
15:33,15:57,16:09,16:33
-,16:10,16:22,16:46
-,16:19,16:31,16:55
-, -,16:35,16:59
16:03,16:27,16:39,17:03
-,16:34,16:46,17:10
-,16:46,16:58,17:22
-,16:55,17:07,17:31
16:33,16:57,17:09,17:33
-,17:12,17:24,17:48
-,17:20,17:32,17:56
17:03,17:27,17:39,18:03
-,17:36,17:48,18:12
-,17:48,18:00,18:24
17:33,17:57,18:08,18:32
-,18:00,18:11,18:35
-,18:09,18:19,18:43
-,18:17,18:27,18:51
18:03,18:27,18:37,18:56
-,18:40,18:50,19:09
18:35,18:59,19:09,19:28
-,19:15,19:24,19:43
19:05,19:29,19:38,19:57
-,19:36,19:45,20:04
19:35,19:59,20:08,20:27
-,20:10,20:19,20:38
20:05,20:27,20:36,20:55
-,20:40,20:49,21:05
20:35,20:57,21:06,21:22
-,21:12,21:21,21:37
21:05,21:26,21:35,21:51
21:35,21:56,22:05,22:21
22:10,22:31,22:39,22:55
22:40,23:01,23:09,23:25
23:10,23:31,23:39,23:55
23:40,00:01,00:10,00:29
00:10,00:31,00:41,01:00
