54556,54411,60302
05:50,06:08,06:22
06:20,06:38,06:52
06:50,07:08,07:22
07:13,07:32,07:49
07:25,07:44,08:01
07:40,07:59,08:16
08:05,08:24,08:41
08:20,08:40,08:57
08:45,09:05,09:22
09:05,09:24,09:41
09:20,09:39,09:56
09:40,09:59,10:16
10:00,10:19,10:37
10:20,10:39,10:57
10:45,11:05,11:23
11:05,11:25,11:44
11:20,11:40,11:59
11:40,12:00,12:20
12:00,12:20,12:38
12:20,12:40,12:58
12:40,13:00,13:18
13:00,13:20,13:39
13:20,13:40,13:59
13:40,14:00,14:20
14:00,14:20,14:44
14:20,14:40,15:04
14:40,15:00,15:24
15:00,15:20,15:44
15:13,15:33,15:57
15:25,15:45,16:09
15:45,16:05,16:29
16:05,16:25,16:49
16:20,16:40,17:04
16:45,17:05,17:29
17:00,17:20,17:43
17:13,17:33,17:56
17:20,17:40,18:03
17:40,17:59,18:20
18:00,18:19,18:39
18:20,18:39,18:59
18:40,18:59,19:18
19:05,19:23,19:41
19:13,19:31,19:49
19:20,19:38,19:56
19:40,19:58,20:16
20:15,20:33,20:50
20:45,21:03,21:20
20:50,21:08,21:25
21:20,21:38,21:55
22:00,22:18,22:35
23:00,23:18,23:35
00:05,00:23,00:40
