54411,54407,54410,60278
05:41,05:49,05:55,06:08
05:56,06:04,06:10,06:23
06:08,06:16,06:22,06:35
06:20,06:28,06:34,06:47
06:33,06:41,06:47,07:00
06:45,06:53,06:59,07:12
06:57,07:05,07:11,07:24
07:09,07:17,07:23,07:36
07:20,07:28,07:34,07:47
07:30,07:38,07:44,07:57
07:40,07:48,07:54,08:07
07:50,07:58,08:04,08:17
08:00,08:09,08:16,08:30
08:10,08:19,08:26,08:40
08:20,08:29,08:36,08:50
08:30,08:39,08:46,09:00
08:40,08:49,08:56,09:10
08:50,08:59,09:06,09:20
09:00,09:09,09:16,09:30
09:10,09:19,09:26,09:40
09:20,09:29,09:36,09:50
09:32,09:40,09:47,10:00
09:45,09:53,10:00,10:13
09:58,10:07,10:15,10:28
10:12,10:20,10:28,10:41
10:26,10:34,10:42,10:55
10:41,10:49,10:57,11:10
10:56,11:04,11:12,11:25
11:11,11:19,11:27,11:44
11:26,11:34,11:42,11:59
11:41,11:50,11:58,12:15
11:55,12:04,12:12,12:29
12:10,12:19,12:27,12:44
12:24,12:33,12:41,12:58
12:39,12:48,12:56,13:13
12:54,13:03,13:11,13:28
13:09,13:19,13:27,13:43
13:24,13:34,13:42,13:58
13:39,13:49,13:57,14:16
13:54,14:04,14:12,14:31
14:10,14:19,14:27,14:46
14:24,14:33,14:41,15:00
14:38,14:49,14:57,15:15
14:52,15:03,15:11,15:29
15:04,15:15,15:24,15:42
15:16,15:27,15:36,15:54
15:28,15:39,15:48,16:06
15:40,15:51,16:00,16:18
15:51,16:02,16:11,16:29
16:01,16:13,16:22,16:41
16:11,16:23,16:32,16:51
16:21,16:33,16:42,17:01
16:31,16:43,16:52,17:11
16:41,16:53,17:02,17:21
16:51,17:03,17:12,17:31
17:00,17:11,17:19,17:37
17:10,17:21,17:29,17:47
17:21,17:32,17:40,17:58
17:31,17:42,17:50,18:08
17:41,17:52,18:00,18:18
17:51,18:02,18:10,18:28
18:01,18:11,18:20,18:37
18:11,18:21,18:30,18:47
18:21,18:31,18:40,18:57
18:32,18:42,18:51,19:08
18:43,18:53,19:02,19:19
18:55,19:05,19:14,19:31
19:08,19:18,19:25,19:41
19:20,19:28,19:35,19:51
19:33,19:41,19:48,20:04
19:44,19:52,19:59,20:15
20:01,20:08,20:15,20:31
20:15,20:22,20:29,20:45
20:30,20:37,20:44,21:00
20:46,20:53,21:00,21:16
21:00,21:07,21:13,21:29
21:14,21:21,21:27,21:43
21:30,21:37,21:43,21:59
21:44,21:51,21:57,22:13
22:00,22:06,22:12,22:27
22:15,22:21,22:27,22:42
22:30,22:36,22:42,22:57
22:44,22:50,22:56,23:11
22:59,23:05,23:11,23:26
23:14,23:20,23:26,23:40
23:29,23:35,23:41,23:55
23:44,23:50,23:56,00:10
23:59,00:05,00:11,00:25
00:14,00:20,00:26,00:40
00:29,00:35,00:41,00:55
00:44,00:50,00:56,01:10
00:59,01:05,01:11,01:25
01:14,01:20,01:26,01:40
01:37,01:43,01:49,02:03
02:08,02:14,02:20,02:34
